{
  "configuration": {
    "batch_size": 1,
    "concurrency": 1,
    "decode_tokens": 32,
    "measured_runs": 3,
    "prompt": "word word word",
    "sampling": "greedy",
    "warmup_runs": 1
  },
  "decode_tokens_per_second": {
    "maximum": 98.25625846308789,
    "median": 96.77146209582793,
    "median_absolute_deviation": 1.4847963672599604,
    "minimum": 94.17498300435854
  },
  "engine": {
    "backend": "metal",
    "binary": "build/kipp-metal",
    "build_flags": "-std=c11 -O2 -Wall -Wextra -Wpedantic -Werror",
    "commit": "f3809e011960047d7f4886045a51c94a40deaf5b",
    "compiler": "Apple clang version 21.0.0 (clang-2100.1.1.101)",
    "dirty": false
  },
  "hardware": {
    "gpu_cores": 40,
    "platform": "macOS-26.5.2-arm64-arm-64bit-Mach-O",
    "processor": "Apple M5 Max",
    "unified_memory_bytes": 137438953472
  },
  "model": {
    "artifact_bytes": 4642894144,
    "checkpoint": "qwen3-4b-base",
    "format": "GGUF-v3 Kipp Qwen3 subset",
    "repository": "Qwen/Qwen3-4B-Base",
    "revision": "906bfd4b4dc7f14ee4320094d8b41684abff8539",
    "scheme": "q8_0",
    "sha256": "e81b9066347d9e3ab1c22058ac7de5792a6a78f41ce408d187421b620de0bc96"
  },
  "peak_resident_bytes": {
    "maximum": 41172992.0,
    "median": 41107456.0,
    "median_absolute_deviation": 32768.0,
    "minimum": 41074688.0
  },
  "prefill_tokens_per_second": {
    "maximum": 74.60088526383846,
    "median": 69.22650913789921,
    "median_absolute_deviation": 1.7182393748532405,
    "minimum": 67.50826976304597
  },
  "runs": [
    {
      "decode_seconds": 0.330676,
      "decode_tokens_per_second": 96.77146209582793,
      "peak_resident_bytes": 41074688,
      "prefill_seconds": 0.044439,
      "prefill_tokens_per_second": 67.50826976304597
    },
    {
      "decode_seconds": 0.325679,
      "decode_tokens_per_second": 98.25625846308789,
      "peak_resident_bytes": 41107456,
      "prefill_seconds": 0.043336,
      "prefill_tokens_per_second": 69.22650913789921
    },
    {
      "decode_seconds": 0.339793,
      "decode_tokens_per_second": 94.17498300435854,
      "peak_resident_bytes": 41172992,
      "prefill_seconds": 0.040214,
      "prefill_tokens_per_second": 74.60088526383846
    }
  ]
}
